{
   "lambdatest_auth": {
      "username": "annvin.lv",
      "access_key": "sZsR5Njp6RHYI776zDS3jopPfYgYkKYD368TIi3iUluJrNucKp"
   },
   "browsers": [
      {
         "browser": "MicrosofT Edge",
         "platform": "Windows 10",
         "versions": [
            "latest-1"
         ]
      }
   ],
   "run_settings": {
      "cypress_config_file": "cypress.json",
      "build_name": "build-name",
      "parallels": 1,
      "specs": "./cypress/integration/2-advanced-examples/actions.spec.js",
      "ignore_files": "",
      "feature_file_suppport": false,
      "network": false,
      "headless": false,
      "reporter_config_file": "",
      "npm_dependencies": {
         "cypress": "9.0.0"
      }
   },
   "tunnel_settings": {
      "tunnel": false,
      "tunnel_name": null
   }
}